Date,Open,High,Low,Close,Volume
2021-01-04,4257.4399,4273.7598,4177.2202,4257.4399,0
2021-01-05,4367.1802,4367.1802,4244.8398,4367.1802,0
2021-01-06,4417.8398,4437.3901,4366.3599,4417.8398,0
2021-01-07,4528.8501,4529.2300,4417.8398,4528.8501,0
2021-01-08,4560.0200,4567.0200,4491.6001,4560.0200,0
2021-01-11,4552.5200,4560.0200,4497.3501,4552.5200,0
2021-01-12,4600.1201,4610.6099,4547.6299,4600.1201,0
2021-01-13,4658.7100,4658.7100,4600.1201,4658.7100,0
2021-01-14,4640.8398,4675.7300,4609.4502,4640.8398,0
2021-01-15,4572.1001,4640.8398,4572.1001,4572.1001,0
2021-01-18,4624.1099,4624.1099,4532.7202,4624.1099,0
2021-01-19,4669.7402,4691.6401,4624.1099,4669.7402,0
2021-01-20,4637.8398,4697.1602,4631.7900,4637.8398,0
2021-01-21,4579.2700,4669.6099,4579.2700,4579.2700,0
2021-01-22,4481.0000,4579.2700,4481.0000,4481.0000,0
2021-01-25,4488.9302,4545.5098,4471.5298,4488.9302,0
2021-01-26,4497.7402,4533.5400,4457.2700,4497.7402,0
2021-01-27,4417.9902,4497.7402,4395.5498,4417.9902,0
2021-01-28,4410.7998,4425.2500,4354.0400,4410.7998,0
2021-01-29,4288.6499,4420.5200,4288.6499,4288.6499,0
2021-02-01,4381.0098,4381.6802,4288.6499,4381.0098,0
2021-02-02,4416.9502,4452.5098,4381.0098,4416.9502,0
2021-02-03,4401.8701,4437.8701,4400.5098,4401.8701,0
2021-02-04,4412.0000,4416.0098,4374.6099,4412.0000,0
2021-02-05,4449.4502,4460.3301,4412.0000,4449.4502,0
2021-02-08,4487.0898,4493.0898,4449.4502,4487.0898,0
2021-02-09,4542.7202,4543.4302,4479.5200,4542.7202,0
2021-02-10,4527.6499,4558.8198,4492.3398,4527.6499,0
2021-02-11,4548.2002,4559.0098,4508.7998,4548.2002,0
2021-02-12,4599.0898,4599.7100,4531.6099,4599.0898,0
2021-02-15,4620.1201,4625.3398,4579.5801,4620.1201,0
2021-02-16,4653.0698,4678.8501,4620.1201,4653.0698,0
2021-02-17,4559.2002,4655.7300,4553.0200,4559.2002,0
2021-02-18,4518.6401,4559.6499,4496.6899,4518.6401,0
2021-02-19,4623.7402,4623.8599,4518.6401,4623.7402,0
2021-02-22,4569.3398,4623.7402,4551.6401,4569.3398,0
2021-02-23,4489.2100,4569.3398,4482.7500,4489.2100,0
2021-02-24,4576.4102,4594.1699,4489.2100,4576.4102,0
2021-02-25,4574.4302,4608.3198,4569.9502,4574.4302,0
2021-02-26,4573.3701,4596.5298,4551.2500,4573.3701,0
2021-03-01,4637.5400,4639.3799,4573.3701,4637.5400,0
2021-03-02,4720.0898,4749.7598,4634.0498,4720.0898,0
2021-03-03,4787.4502,4797.4502,4711.1201,4787.4502,0
2021-03-04,4700.5698,4788.5498,4700.5698,4700.5698,0
2021-03-05,4713.7300,4748.1899,4655.7598,4713.7300,0
2021-03-08,4712.9502,4714.5298,4676.5000,4712.9502,0
2021-03-09,4838.1802,4846.7402,4709.0400,4838.1802,0
2021-03-10,4888.5498,4891.6201,4827.3701,4888.5498,0
2021-03-11,4881.1001,4929.0898,4851.0898,4881.1001,0
2021-03-12,4893.2300,4894.2500,4831.6899,4893.2300,0
2021-03-15,4913.7798,4929.3999,4890.8799,4913.7798,0
2021-03-16,4905.0498,4929.1499,4877.6201,4905.0498,0
2021-03-17,4909.3999,4917.2700,4873.3501,4909.3999,0
2021-03-18,4878.6699,4920.0200,4866.4702,4878.6699,0
2021-03-19,4854.9199,4878.6699,4819.8701,4854.9199,0
2021-03-22,4831.6201,4858.4502,4806.4102,4831.6201,0
2021-03-23,4802.8999,4831.6201,4797.0698,4802.8999,0
2021-03-24,4842.2598,4861.7998,4790.3599,4842.2598,0
2021-03-25,4767.7900,4846.7500,4737.8701,4767.7900,0
2021-03-26,4854.4199,4860.0801,4767.7900,4854.4199,0
2021-03-29,4916.6899,4949.7002,4854.4199,4916.6899,0
2021-03-30,4928.1499,4933.0298,4876.3501,4928.1499,0
2021-03-31,4898.0898,4957.8501,4895.2202,4898.0898,0
2021-04-01,4885.2598,4921.7002,4844.0000,4885.2598,0
2021-04-05,4871.1699,4897.3198,4860.0098,4871.1699,0
2021-04-06,4860.6499,4873.5601,4858.2402,4860.6499,0
2021-04-07,4859.0698,4860.6499,4834.5601,4859.0698,0
2021-04-08,4910.1899,4910.3301,4857.1099,4910.1899,0
2021-04-09,4958.0400,4958.1602,4904.5098,4958.0400,0
2021-04-12,4950.0601,4958.0400,4921.9502,4950.0601,0
2021-04-13,4901.9102,4953.0898,4893.5400,4901.9102,0
2021-04-14,4927.0801,4927.6401,4885.4502,4927.0801,0
2021-04-15,4942.1602,4942.4102,4896.0000,4942.1602,0
2021-04-16,4988.1699,4998.3398,4942.1602,4988.1699,0
2021-04-19,4970.2900,5005.6099,4960.4199,4970.2900,0
2021-04-20,4975.7998,4975.7998,4916.4102,4975.7998,0
2021-04-21,4932.1802,4980.3999,4931.3198,4932.1802,0
2021-04-22,4843.8198,4936.7202,4808.3101,4843.8198,0
2021-04-23,4839.1401,4890.4902,4815.6499,4839.1401,0
2021-04-26,4864.8599,4905.9902,4839.1401,4864.8599,0
2021-04-27,4748.5200,4874.1401,4748.5200,4748.5200,0
2021-04-28,4586.2700,4771.0601,4579.0000,4586.2700,0
2021-04-29,4542.5400,4664.0898,4529.6699,4542.5400,0
2021-04-30,4472.8398,4565.9800,4472.8398,4472.8398,0
2021-05-03,4589.2402,4590.9800,4472.8398,4589.2402,0
2021-05-04,4648.8198,4649.1899,4589.2402,4648.8198,0
2021-05-05,4704.2500,4720.7998,4648.8198,4704.2500,0
2021-05-06,4630.7202,4727.9399,4617.0601,4630.7202,0
2021-05-07,4618.7998,4674.7002,4612.4399,4618.7998,0
2021-05-10,4594.6001,4660.0098,4583.8599,4594.6001,0
2021-05-11,4540.7998,4594.6001,4511.2500,4540.7998,0
2021-05-12,4485.5801,4540.7998,4485.5801,4485.5801,0
2021-05-13,4443.6401,4534.0000,4443.6401,4443.6401,0
2021-05-14,4574.6899,4576.3501,4443.6401,4574.6899,0
2021-05-17,4147.8599,4574.6899,4126.4702,4147.8599,0
2021-05-18,4143.9600,4246.0898,4080.9700,4143.9600,0
2021-05-19,4030.3899,4143.9600,4017.0400,4030.3899,0
2021-05-20,4079.9900,4091.1699,4005.4600,4079.9900,0
2021-05-24,4115.3701,4133.3198,4079.9900,4115.3701,0
2021-05-25,4091.0500,4173.7300,4069.0901,4091.0500,0
2021-05-26,4119.0601,4119.0698,4076.0701,4119.0601,0
2021-05-27,4160.2598,4206.2300,4119.0601,4160.2598,0
2021-05-28,4258.7500,4282.2500,4160.2598,4258.7500,0
2021-05-31,4356.4302,4356.8398,4258.7500,4356.4302,0
2021-06-01,4396.1001,4400.2002,4347.3901,4396.1001,0
2021-06-02,4393.9702,4405.7300,4359.9800,4393.9702,0
2021-06-03,4226.8999,4393.9702,4195.8701,4226.8999,0
2021-06-04,4225.8799,4227.0098,4176.8198,4225.8799,0
2021-06-07,4131.3799,4248.1802,4131.3799,4131.3799,0
2021-06-08,4172.3398,4197.7798,4131.3799,4172.3398,0
2021-06-09,4268.3599,4268.5400,4169.2202,4268.3599,0
2021-06-10,4260.2202,4300.7700,4255.3901,4260.2202,0
2021-06-11,4310.6401,4316.4702,4260.2202,4310.6401,0
2021-06-14,4344.9102,4368.9702,4310.6401,4344.9102,0
2021-06-15,4361.6201,4386.6899,4293.2402,4361.6201,0
2021-06-16,4356.5098,4399.2700,4337.7798,4356.5098,0
2021-06-17,4330.2598,4362.5801,4317.6699,4330.2598,0
2021-06-18,4294.3901,4334.1802,4283.8101,4294.3901,0
2021-06-22,4371.9302,4384.7900,4294.3901,4371.9302,0
2021-06-23,4370.2402,4426.8301,4368.2300,4370.2402,0
2021-06-24,4421.2300,4422.1899,4370.2402,4421.2300,0
2021-06-25,4349.5098,4439.3198,4346.3901,4349.5098,0
2021-06-29,4323.6899,4365.2598,4277.0801,4323.6899,0
2021-06-30,4331.3301,4348.6802,4296.4800,4331.3301,0
2021-07-01,4345.5098,4371.5400,4331.3301,4345.5098,0
2021-07-02,4314.8101,4348.8901,4311.6001,4314.8101,0
2021-07-05,4287.5400,4318.9102,4260.0000,4287.5400,0
2021-07-06,4165.8101,4301.2002,4165.5898,4165.8101,0
2021-07-07,4206.4302,4206.5400,4165.8101,4206.4302,0
2021-07-08,4188.1602,4206.4302,4138.5698,4188.1602,0
2021-07-09,4247.8301,4255.4600,4186.5898,4247.8301,0
2021-07-12,4243.2100,4281.7100,4205.2300,4243.2100,0
2021-07-13,4198.7300,4246.0498,4179.5000,4198.7300,0
2021-07-14,4158.3599,4204.2500,4150.1099,4158.3599,0
2021-07-15,4153.0298,4161.8101,4144.8901,4153.0298,0
2021-07-19,4232.3301,4233.0898,4153.0298,4232.3301,0
2021-07-20,4292.0098,4313.9502,4232.3301,4292.0098,0
2021-07-21,4274.2598,4341.5200,4274.2598,4274.2598,0
2021-07-22,4288.0498,4302.0601,4248.7300,4288.0498,0
2021-07-23,4187.4902,4288.0498,4176.3599,4187.4902,0
2021-07-26,4146.7100,4213.3301,4146.3701,4146.7100,0
2021-07-27,4147.0400,4150.9199,4113.8398,4147.0400,0
2021-07-28,4172.1802,4174.0200,4143.2500,4172.1802,0
2021-07-29,4253.9102,4259.0000,4171.3398,4253.9102,0
2021-07-30,4252.0400,4289.2998,4211.7202,4252.0400,0
2021-08-02,4211.7002,4277.1802,4191.1602,4211.7002,0
2021-08-03,4207.0298,4220.7598,4176.8999,4207.0298,0
2021-08-04,4211.4800,4214.0498,4181.4302,4211.4800,0
2021-08-05,4240.5400,4254.4199,4207.7100,4240.5400,0
2021-08-06,4282.4800,4284.8799,4240.5400,4282.4800,0
2021-08-09,4243.7100,4304.7002,4238.6899,4243.7100,0
2021-08-10,4345.4199,4362.5098,4243.7100,4345.4199,0
2021-08-11,4368.0000,4391.0601,4331.0400,4368.0000,0
2021-08-12,4374.7500,4381.3501,4329.5898,4374.7500,0
2021-08-13,4401.9399,4431.9102,4374.7500,4401.9399,0
2021-08-16,4329.4102,4401.9399,4321.4199,4329.4102,0
2021-08-17,4320.5801,4333.8599,4272.6899,4320.5801,0
2021-08-18,4341.5801,4346.7202,4303.6602,4341.5801,0
2021-08-19,4310.5098,4341.5801,4290.6299,4310.5098,0
2021-08-20,4347.4902,4355.6299,4305.6899,4347.4902,0
2021-08-23,4392.7500,4399.1499,4347.4902,4392.7500,0
2021-08-24,4369.4302,4402.0298,4345.4800,4369.4302,0
2021-08-25,4437.9302,4438.1401,4358.5298,4437.9302,0
2021-08-26,4443.8101,4462.9199,4423.1299,4443.8101,0
2021-08-27,4459.2202,4482.5200,4440.2700,4459.2202,0
2021-08-30,4506.5298,4510.0498,4459.2202,4506.5298,0
2021-08-31,4491.5698,4506.5298,4473.2100,4491.5698,0
2021-09-01,4450.9502,4491.5698,4442.5898,4450.9502,0
2021-09-02,4437.4399,4471.4302,4422.8999,4437.4399,0
2021-09-03,4463.5498,4464.2998,4414.7002,4463.5498,0
2021-09-06,4456.2002,4470.6899,4439.1602,4456.2002,0
2021-09-07,4432.9800,4466.4399,4410.1201,4432.9800,0
2021-09-08,4378.1401,4432.9800,4347.0898,4378.1401,0
2021-09-09,4407.2402,4411.7798,4309.8198,4407.2402,0
2021-09-10,4464.0000,4481.1699,4407.2402,4464.0000,0
2021-09-13,4401.3101,4485.4902,4381.1499,4401.3101,0
2021-09-14,4409.4199,4439.8101,4401.3101,4409.4199,0
2021-09-15,4433.8398,4447.7202,4401.3101,4433.8398,0
2021-09-16,4465.4702,4465.4702,4402.5698,4465.4702,0
2021-09-20,4291.3599,4465.4702,4291.3599,4291.3599,0
2021-09-21,4307.4302,4342.8999,4290.2500,4307.4302,0
2021-09-22,4384.0298,4394.2700,4307.4302,4384.0298,0
2021-09-23,4411.6899,4416.6401,4382.7100,4411.6899,0
2021-09-24,4377.1899,4414.6602,4355.8901,4377.1899,0
2021-09-27,4351.7100,4400.6099,4347.5098,4351.7100,0
2021-09-28,4323.3398,4351.7100,4306.8799,4323.3398,0
2021-09-29,4335.2002,4361.6802,4318.7598,4335.2002,0
2021-09-30,4362.5898,4369.8999,4335.2002,4362.5898,0
2021-10-01,4326.7202,4373.5000,4314.4399,4326.7202,0
2021-10-04,4242.6201,4330.3799,4241.6499,4242.6201,0
2021-10-05,4226.0801,4277.9199,4211.2100,4226.0801,0
2021-10-06,4132.2998,4232.2002,4101.3501,4132.2998,0
2021-10-07,4129.6802,4225.8198,4124.5298,4129.6802,0
2021-10-08,4145.6201,4168.8198,4129.6802,4145.6201,0
2021-10-12,4103.1201,4196.3799,4098.9399,4103.1201,0
2021-10-13,4006.4900,4103.9199,3971.6499,4006.4900,0
2021-10-14,3996.4800,4034.6101,3980.4500,3996.4800,0
2021-10-15,3982.1799,4048.1399,3961.0100,3982.1799,0
2021-10-18,4008.7400,4075.8201,3959.3701,4008.7400,0
2021-10-19,3994.9099,4035.8000,3994.2200,3994.9099,0
2021-10-20,4037.4900,4062.2400,3975.6399,4037.4900,0
2021-10-21,4053.3999,4074.8701,4031.6799,4053.3999,0
2021-10-22,4084.3501,4099.9702,4052.3701,4084.3501,0
2021-10-25,4175.9502,4176.2202,4084.3501,4175.9502,0
2021-10-26,4245.9102,4269.2500,4175.9502,4245.9102,0
2021-10-27,4115.6602,4260.8901,4115.6602,4115.6602,0
2021-10-28,4096.2402,4121.9800,4073.7600,4096.2402,0
2021-10-29,4092.2000,4122.1802,4068.7700,4092.2000,0
2021-11-02,4207.2002,4214.4199,4092.2000,4207.2002,0
2021-11-03,4309.9302,4310.2598,4205.8101,4309.9302,0
2021-11-04,4473.7998,4473.7998,4309.9302,4473.7998,0
2021-11-05,4388.1899,4509.3301,4387.3599,4388.1899,0
2021-11-08,4363.3301,4434.1201,4357.2402,4363.3301,0
2021-11-09,4470.5200,4472.5298,4338.9902,4470.5200,0
2021-11-10,4489.0400,4489.2402,4430.6299,4489.0400,0
2021-11-11,4519.3799,4519.8599,4463.7100,4519.3799,0
2021-11-12,4485.9702,4532.3599,4485.8301,4485.9702,0
2021-11-15,4382.4600,4488.3901,4372.1899,4382.4600,0
2021-11-16,4304.7998,4384.0400,4295.5498,4304.7998,0
2021-11-17,4293.1802,4325.1401,4258.3301,4293.1802,0
2021-11-18,4281.6602,4350.2798,4254.7598,4281.6602,0
2021-11-19,4358.4800,4373.5400,4251.7700,4358.4800,0
2021-11-22,4780.9102,4819.6099,4358.4800,4780.9102,0
2021-11-23,4697.6602,4780.9102,4662.2100,4697.6602,0
2021-11-24,4629.2402,4703.9502,4605.2900,4629.2402,0
2021-11-25,4601.9102,4644.2998,4563.5400,4601.9102,0
2021-11-26,4579.2998,4601.9102,4487.2900,4579.2998,0
2021-11-29,4505.6201,4591.6699,4449.5801,4505.6201,0
2021-11-30,4432.7100,4505.6201,4348.2002,4432.7100,0
2021-12-01,4332.4502,4448.4399,4332.4502,4332.4502,0
2021-12-02,4370.8999,4379.0400,4327.6899,4370.8999,0
2021-12-03,4369.3999,4441.2900,4365.6201,4369.3999,0
2021-12-06,4368.8198,4416.1699,4355.3901,4368.8198,0
2021-12-07,4395.1499,4426.6001,4368.8198,4395.1499,0
2021-12-09,4418.7900,4449.1401,4392.1001,4418.7900,0
2021-12-10,4405.7202,4422.3999,4379.7598,4405.7202,0
2021-12-13,4301.2500,4408.2998,4286.2402,4301.2500,0
2021-12-14,4179.5601,4301.2500,4151.0400,4179.5601,0
2021-12-15,4271.3999,4280.4102,4138.0400,4271.3999,0
2021-12-16,4392.3398,4392.3398,4271.3999,4392.3398,0
2021-12-17,4357.7798,4392.3398,4286.6001,4357.7798,0
2021-12-20,4088.2600,4357.7798,4040.1101,4088.2600,0
2021-12-21,4142.4902,4201.4502,4088.2600,4142.4902,0
2021-12-22,4121.9102,4178.0298,4117.9199,4121.9102,0
2021-12-23,4241.6299,4241.6299,4121.9102,4241.6299,0
2021-12-24,4299.0898,4306.8901,4241.6299,4299.0898,0
2021-12-27,4281.8901,4336.5400,4257.6802,4281.8901,0
2021-12-28,4269.3701,4330.6499,4269.3701,4269.3701,0
2021-12-29,4250.2900,4284.7998,4248.3599,4250.2900,0
2021-12-30,4308.3799,4310.6802,4243.8999,4308.3799,0
2022-01-03,4301.3198,4352.5801,4295.6699,4301.3198,0
2022-01-04,4294.6401,4332.6899,4248.3501,4294.6401,0
2022-01-05,4317.6001,4318.7500,4282.6201,4317.6001,0
2022-01-06,4348.4399,4351.9399,4287.8799,4348.4399,0
2022-01-07,4296.3501,4360.7700,4276.0000,4296.3501,0
2022-01-10,4298.2402,4301.9902,4272.1499,4298.2402,0
2022-01-11,4394.9102,4394.9102,4298.2402,4394.9102,0
2022-01-12,4507.8198,4507.8198,4394.9102,4507.8198,0
2022-01-13,4512.4302,4554.3101,4484.7998,4512.4302,0
2022-01-14,4486.5698,4517.7998,4460.9102,4486.5698,0
2022-01-17,4473.2700,4490.5200,4458.4702,4473.2700,0
2022-01-18,4500.7998,4505.8901,4451.7202,4500.7998,0
2022-01-19,4470.7100,4538.1001,4469.3999,4470.7100,0
2022-01-20,4486.7202,4503.3301,4466.8301,4486.7202,0
2022-01-21,4644.8599,4671.4199,4486.7202,4644.8599,0
2022-01-24,4503.1699,4649.0400,4464.0298,4503.1699,0
2022-01-25,4529.2998,4546.7402,4487.3599,4529.2998,0
2022-01-26,4552.3301,4594.8301,4529.2998,4552.3301,0
2022-01-27,4562.7402,4574.8501,4530.9600,4562.7402,0
2022-01-28,4542.8599,4595.9199,4542.8599,4542.8599,0
2022-01-31,4548.4502,4597.5801,4542.8599,4548.4502,0
2022-02-01,4598.7202,4617.2900,4547.3301,4598.7202,0
2022-02-02,4555.3799,4620.0400,4555.3799,4555.3799,0
2022-02-03,4454.9702,4555.3799,4454.9702,4454.9702,0
2022-02-04,4425.5200,4513.7500,4422.7998,4425.5200,0
2022-02-07,4474.1001,4480.2700,4425.5200,4474.1001,0
2022-02-08,4582.6201,4591.8198,4468.9199,4582.6201,0
2022-02-09,4605.0801,4617.9399,4582.6201,4605.0801,0
2022-02-10,4641.5298,4642.5698,4592.2798,4641.5298,0
2022-02-11,4652.2100,4686.5801,4615.9902,4652.2100,0
2022-02-14,4604.6201,4652.2100,4589.5498,4604.6201,0
2022-02-15,4643.6899,4663.2100,4604.6201,4643.6899,0
2022-02-16,4653.0400,4667.9502,4614.9102,4653.0400,0
2022-02-17,4549.0801,4653.0400,4544.8999,4549.0801,0
2022-02-18,4549.0698,4571.1899,4534.6699,4549.0698,0
2022-02-21,4525.7998,4559.2300,4479.9102,4525.7998,0
2022-02-22,4472.8599,4525.8701,4432.4800,4472.8599,0
2022-02-23,4375.6899,4503.9199,4374.5898,4375.6899,0
2022-02-24,4399.6001,4399.6001,4223.3599,4399.6001,0
2022-02-25,4465.5098,4482.1699,4399.6001,4465.5098,0
2022-02-28,4534.4702,4534.4702,4453.9502,4534.4702,0
2022-03-01,4435.1699,4537.3701,4434.3101,4435.1699,0
2022-03-02,4487.3701,4509.9102,4435.1699,4487.3701,0
2022-03-03,4571.7998,4581.2998,4487.3701,4571.7998,0
2022-03-04,4641.4502,4641.7500,4566.3198,4641.4502,0
2022-03-07,4618.0698,4692.9902,4559.9502,4618.0698,0
2022-03-08,4578.6802,4624.0400,4549.8301,4578.6802,0
2022-03-09,4656.0298,4661.7500,4578.6802,4656.0298,0
2022-03-10,4608.9702,4687.7100,4564.1499,4608.9702,0
2022-03-11,4633.3501,4676.0098,4608.9702,4633.3501,0
2022-03-14,4588.4902,4645.3901,4587.5200,4588.4902,0
2022-03-15,4623.0400,4637.7402,4582.4199,4623.0400,0
2022-03-16,4695.4102,4715.0801,4623.0400,4695.4102,0
2022-03-17,4789.8799,4841.2700,4695.4102,4789.8799,0
2022-03-18,4854.4399,4860.1299,4789.8799,4854.4399,0
2022-03-21,4994.6699,4996.4600,4775.4702,4994.6699,0
2022-03-22,4888.1802,4995.6299,4885.2798,4888.1802,0
2022-03-23,4841.4600,4899.0298,4819.0400,4841.4600,0
2022-03-24,4954.5098,4954.5098,4841.4600,4954.5098,0
2022-03-25,4965.1099,4978.5200,4928.0801,4965.1099,0
2022-03-28,4938.7998,5009.3701,4917.7998,4938.7998,0
2022-03-29,4914.7300,4938.7998,4889.0298,4914.7300,0
2022-03-30,4894.9800,4923.5498,4871.0698,4894.9800,0
2022-03-31,4936.9702,4940.2500,4875.7402,4936.9702,0
2022-04-01,4978.4902,4994.5200,4936.9702,4978.4902,0
2022-04-04,4992.2900,5011.0801,4953.6401,4992.2900,0
2022-04-05,4929.1001,4992.2900,4921.7500,4929.1001,0
2022-04-06,4971.9399,4971.9399,4891.2202,4971.9399,0
2022-04-07,4965.3198,4989.2598,4946.1602,4965.3198,0
2022-04-08,4969.2500,4997.0200,4947.5801,4969.2500,0
2022-04-11,4918.7900,4969.2500,4870.1602,4918.7900,0
2022-04-12,4909.0400,4939.8501,4862.6299,4909.0400,0
2022-04-13,4921.4600,4949.1899,4909.0400,4921.4600,0
2022-04-14,4917.2998,4939.5098,4917.2998,4917.2998,0
2022-04-18,4867.6401,4932.9902,4865.7500,4867.6401,0
2022-04-19,4911.7700,4938.7402,4867.6401,4911.7700,0
2022-04-20,4974.7598,4974.7598,4904.7598,4974.7598,0
2022-04-21,4911.8999,4983.5698,4873.9502,4911.8999,0
2022-04-22,4867.8799,4914.1602,4867.8799,4867.8799,0
2022-04-25,4759.1499,4897.3501,4738.4199,4759.1499,0
2022-04-26,4701.4702,4785.9800,4701.4702,4701.4702,0
2022-04-27,4775.3599,4787.8101,4701.4702,4775.3599,0
2022-04-28,4792.6602,4818.1602,4748.2700,4792.6602,0
2022-04-29,4778.4302,4844.6602,4748.2700,4778.4302,0
2022-05-02,4759.8999,4796.5400,4709.6401,4759.8999,0
2022-05-03,4785.6299,4790.2998,4739.3799,4785.6299,0
2022-05-04,4887.5698,4899.3901,4785.6299,4887.5698,0
2022-05-05,4853.7900,4928.8301,4852.0498,4853.7900,0
2022-05-06,4838.5400,4861.0298,4809.7300,4838.5400,0
2022-05-09,4744.1802,4838.5400,4744.0298,4744.1802,0
2022-05-10,4697.1602,4792.6099,4673.9600,4697.1602,0
2022-05-11,4676.9302,4755.2300,4676.3901,4676.9302,0
2022-05-12,4713.7700,4744.8301,4650.4702,4713.7700,0
2022-05-13,4850.4399,4875.4600,4713.7700,4850.4399,0
2022-05-16,4868.5801,4926.3701,4850.4399,4868.5801,0
2022-05-17,5023.2402,5023.3599,4868.5801,5023.2402,0
2022-05-18,4964.7598,5058.7100,4964.3501,4964.7598,0
2022-05-19,4982.1001,5015.3599,4963.6401,4982.1001,0
2022-05-20,4982.9502,5039.2100,4933.0200,4982.9502,0
2022-05-23,5127.5200,5131.9800,4982.9502,5127.5200,0
2022-05-24,5142.7500,5156.6899,5096.9302,5142.7500,0
2022-05-25,5191.0498,5192.3301,5142.7500,5191.0498,0
2022-05-26,5268.9600,5278.5200,5191.0498,5268.9600,0
2022-05-27,5387.0601,5388.1001,5268.0498,5387.0601,0
2022-05-30,5385.7002,5432.5601,5377.2500,5385.7002,0
2022-05-31,5350.4800,5385.7002,5264.7002,5350.4800,0
2022-06-01,5299.1099,5352.7900,5232.3799,5299.1099,0
2022-06-02,5353.1299,5366.2998,5283.7700,5353.1299,0
2022-06-03,5352.4399,5356.4302,5319.5000,5352.4399,0
2022-06-06,5332.5898,5387.9600,5317.7002,5332.5898,0
2022-06-07,5358.9502,5367.6401,5314.8398,5358.9502,0
2022-06-08,5277.0000,5358.9502,5262.6001,5277.0000,0
2022-06-09,5184.2700,5279.3301,5184.2700,5184.2700,0
2022-06-10,5237.8501,5238.7100,5136.9199,5237.8501,0
2022-06-13,5131.2998,5237.8501,5099.9800,5131.2998,0
2022-06-14,5121.3999,5165.7998,5116.8799,5121.3999,0
2022-06-15,5139.4102,5152.4800,5103.6499,5139.4102,0
2022-06-16,5029.4800,5139.4102,4991.5498,5029.4800,0
2022-06-17,5067.0601,5107.7002,4998.4902,5067.0601,0
2022-06-20,5084.3701,5098.4800,5051.9600,5084.3701,0
2022-06-22,5056.3701,5101.3101,5056.3701,5056.3701,0
2022-06-23,4934.8101,5095.5098,4924.5601,4934.8101,0
2022-06-24,4983.6602,5016.3398,4934.8101,4983.6602,0
2022-06-28,5004.4800,5075.9399,4937.7598,5004.4800,0
2022-06-29,5009.6299,5019.6201,4978.0200,5009.6299,0
2022-06-30,4950.3901,5009.6299,4950.3901,4950.3901,0
2022-07-01,4993.3701,5006.1699,4950.3901,4993.3701,0
2022-07-04,4989.0698,5001.6299,4969.7998,4989.0698,0
2022-07-05,5003.8101,5007.7900,4935.7100,5003.8101,0
2022-07-06,5006.9502,5043.6699,4979.5298,5006.9502,0
2022-07-07,5101.4199,5105.4302,5006.9502,5101.4199,0
2022-07-08,5112.7798,5118.5498,5074.1001,5112.7798,0
2022-07-11,5073.8501,5124.7798,5064.0298,5073.8501,0
2022-07-12,5074.2598,5077.7402,5017.5200,5074.2598,0
2022-07-13,5117.8101,5131.4399,5050.3198,5117.8101,0
2022-07-14,5136.0498,5136.0498,5053.7998,5136.0498,0
2022-07-15,5091.7300,5136.0498,5057.6802,5091.7300,0
2022-07-18,5081.7402,5139.4800,5073.2300,5081.7402,0
2022-07-19,5160.1899,5160.1899,5069.5601,5160.1899,0
2022-07-20,5147.0000,5170.8301,5114.3701,5147.0000,0
2022-07-21,5204.4502,5205.1299,5122.7998,5204.4502,0
2022-07-22,5220.3301,5237.5698,5189.6699,5220.3301,0
2022-07-25,5236.3301,5237.5698,5186.7300,5236.3301,0
2022-07-26,5200.1299,5236.3301,5183.7002,5200.1299,0
2022-07-27,5251.3198,5251.3901,5189.1001,5251.3198,0
2022-07-28,5259.3901,5284.2300,5242.7998,5259.3901,0
2022-07-29,5259.0498,5285.2202,5243.1899,5259.0498,0
2022-08-01,5258.3901,5272.8398,5229.7900,5258.3901,0
2022-08-02,5248.5298,5258.3901,5219.6299,5248.5298,0
2022-08-03,5206.0498,5269.3198,5182.5498,5206.0498,0
2022-08-04,5174.6401,5222.0601,5154.0000,5174.6401,0
2022-08-05,5212.3999,5212.3999,5132.7002,5212.3999,0
2022-08-08,5260.3398,5271.3301,5212.3999,5260.3398,0
2022-08-09,5236.3398,5260.3398,5216.9302,5236.3398,0
2022-08-10,5272.9302,5286.5801,5236.3398,5272.9302,0
2022-08-11,5325.8999,5325.8999,5260.3301,5325.8999,0
2022-08-12,5394.9102,5404.5601,5325.8999,5394.9102,0
2022-08-16,5386.8101,5442.9600,5339.7002,5386.8101,0
2022-08-17,5405.3101,5416.7402,5355.6802,5405.3101,0
2022-08-18,5345.5298,5405.3101,5323.3799,5345.5298,0
2022-08-19,5292.8398,5350.3198,5265.3101,5292.8398,0
2022-08-22,5340.4902,5354.3398,5261.4800,5340.4902,0
2022-08-23,5377.5200,5388.4702,5339.8398,5377.5200,0
2022-08-24,5418.1699,5426.4102,5375.0000,5418.1699,0
2022-08-25,5460.6099,5465.1299,5417.6602,5460.6099,0
2022-08-26,5461.7998,5479.1802,5442.0098,5461.7998,0
2022-08-29,5517.1099,5517.3198,5421.7998,5517.1099,0
2022-08-30,5536.3901,5543.7900,5482.3101,5536.3901,0
2022-08-31,5441.2598,5549.9399,5440.7900,5441.2598,0
2022-09-01,5408.0498,5454.3501,5380.9502,5408.0498,0
2022-09-02,5653.2002,5708.5098,5230.4502,5653.2002,0
2022-09-05,5779.2500,6008.2798,5653.2002,5779.2500,0
2022-09-06,5608.0801,5835.1499,5587.5298,5608.0801,0
2022-09-07,5540.8198,5608.0801,5514.8999,5540.8198,0
2022-09-08,5516.7998,5581.2100,5515.5801,5516.7998,0
2022-09-09,5612.0698,5616.9902,5516.7998,5612.0698,0
2022-09-12,5596.2598,5647.9902,5578.4600,5596.2598,0
2022-09-13,5580.6699,5627.6099,5527.6899,5580.6699,0
2022-09-14,5609.3301,5660.5801,5569.6802,5609.3301,0
2022-09-15,5522.9199,5632.5298,5499.4800,5522.9199,0
2022-09-20,5340.9702,5544.0400,5340.2900,5340.9702,0
2022-09-21,5369.3301,5401.2598,5334.2402,5369.3301,0
2022-09-22,5303.0601,5369.3301,5294.7100,5303.0601,0
2022-09-23,5207.2202,5303.0601,5207.0898,5207.2202,0
2022-09-26,5178.7500,5249.0698,5178.7500,5178.7500,0
2022-09-27,5180.6401,5222.2900,5140.1699,5180.6401,0
2022-09-28,5100.2402,5191.8999,5099.7002,5100.2402,0
2022-09-29,5035.3799,5109.3999,5025.0698,5035.3799,0
2022-09-30,5114.1899,5157.4702,5035.3799,5114.1899,0
2022-10-03,5143.2300,5151.0898,5108.9102,5143.2300,0
2022-10-04,5248.8701,5268.3398,5143.2300,5248.8701,0
2022-10-05,5192.2500,5248.8701,5172.8101,5192.2500,0
2022-10-06,5183.5498,5210.2300,5170.6401,5183.5498,0
2022-10-07,5079.6802,5184.2100,5079.4502,5079.6802,0
2022-10-11,4988.7998,5089.1899,4962.4399,4988.7998,0
2022-10-12,4936.5698,5011.2100,4905.6299,4936.5698,0
2022-10-13,4961.0898,4984.2500,4870.7900,4961.0898,0
2022-10-14,4972.3901,5027.8398,4961.0898,4972.3901,0
2022-10-17,5103.0601,5105.8599,4972.3901,5103.0601,0
2022-10-18,5122.8501,5170.9702,5081.4600,5122.8501,0
2022-10-19,5087.6899,5127.8198,5077.2598,5087.6899,0
2022-10-20,5139.3501,5139.6299,5075.8301,5139.3501,0
2022-10-21,5147.3701,5153.2598,5082.4302,5147.3701,0
2022-10-24,5108.1699,5182.3198,5102.7100,5108.1699,0
2022-10-25,5164.3101,5164.3101,5096.8101,5164.3101,0
2022-10-26,5151.3398,5164.6699,5117.0298,5151.3398,0
2022-10-27,5187.4102,5196.6201,5142.3501,5187.4102,0
2022-10-28,5193.8101,5196.9902,5122.6201,5193.8101,0
2022-11-02,5194.6602,5219.3301,5171.5200,5194.6602,0
2022-11-03,5180.2998,5194.6602,5115.3501,5180.2998,0
2022-11-04,5220.0400,5223.8999,5180.2998,5220.0400,0
2022-11-07,5289.5498,5290.1602,5214.9102,5289.5498,0
2022-11-08,5406.1201,5406.1201,5289.5498,5406.1201,0
2022-11-09,5350.3599,5406.1201,5316.9902,5350.3599,0
2022-11-10,5339.5400,5420.4702,5311.1099,5339.5400,0
2022-11-11,5350.7900,5368.5098,5335.4600,5350.7900,0
2022-11-14,5302.4399,5378.5200,5281.7700,5302.4399,0
2022-11-15,5239.1299,5302.4399,5219.7798,5239.1299,0
2022-11-16,5230.4502,5251.8301,5200.8501,5230.4502,0
2022-11-17,5172.3101,5263.2100,5169.7300,5172.3101,0
2022-11-18,5196.9199,5201.0601,5149.7402,5196.9199,0
2022-11-21,5312.6899,5327.8198,5196.9199,5312.6899,0
2022-11-22,5294.7798,5327.0801,5254.2900,5294.7798,0
2022-11-23,5260.9102,5303.2500,5257.5098,5260.9102,0
2022-11-24,5273.7202,5303.5898,5260.9102,5273.7202,0
2022-11-25,5249.5698,5273.7202,5221.5898,5249.5698,0
2022-11-28,5207.6401,5255.0400,5199.4502,5207.6401,0
2022-11-29,5244.8599,5247.6401,5199.6602,5244.8599,0
2022-11-30,5282.6099,5282.6099,5212.8701,5282.6099,0
2022-12-01,5274.6802,5288.3599,5249.5801,5274.6802,0
2022-12-02,5290.7598,5308.7100,5233.0601,5290.7598,0
2022-12-05,5274.1899,5300.3101,5267.3599,5274.1899,0
2022-12-06,5239.1602,5290.6099,5214.3799,5239.1602,0
2022-12-07,5202.8501,5247.4702,5195.1699,5202.8501,0
2022-12-09,5192.6802,5213.8501,5158.2798,5192.6802,0
2022-12-12,5257.0698,5260.0298,5183.7900,5257.0698,0
2022-12-13,5226.7598,5289.8799,5226.7598,5226.7598,0
2022-12-14,5206.4600,5228.6001,5190.8901,5206.4600,0
2022-12-15,5132.7700,5206.4600,5122.8901,5132.7700,0
2022-12-16,5161.2500,5161.2500,5110.7900,5161.2500,0
2022-12-19,5206.9502,5206.9502,5155.4502,5206.9502,0
2022-12-20,5287.9302,5312.1602,5188.0898,5287.9302,0
2022-12-21,5269.7002,5326.2100,5257.3198,5269.7002,0
2022-12-22,5222.2300,5274.1602,5200.3999,5222.2300,0
2022-12-23,5256.9102,5262.9600,5222.2300,5256.9102,0
2022-12-26,5222.4399,5266.2900,5211.8198,5222.4399,0
2022-12-27,5197.2500,5241.2402,5195.1602,5197.2500,0
2022-12-28,5215.4199,5226.2700,5175.0898,5215.4199,0
2022-12-29,5249.3701,5249.3701,5214.8198,5249.3701,0
2022-12-30,5261.9102,5262.7202,5222.6499,5261.9102,0
2023-01-03,5136.5298,5266.1802,5132.9199,5136.5298,0
2023-01-04,5091.4702,5144.4800,5073.2500,5091.4702,0
2023-01-05,5124.2002,5124.2002,5073.0698,5124.2002,0
2023-01-06,5136.6899,5138.9702,5104.4302,5136.6899,0
2023-01-09,5159.9102,5169.3198,5128.9902,5159.9102,0
2023-01-10,5144.3701,5163.5098,5105.4102,5144.3701,0
2023-01-11,5180.4302,5203.1201,5131.7700,5180.4302,0
2023-01-12,5201.8301,5216.8301,5165.1899,5201.8301,0
2023-01-13,5156.6499,5206.0298,5146.7300,5156.6499,0
2023-01-16,5156.1099,5163.6401,5121.5298,5156.1099,0
2023-01-17,5176.1001,5178.1401,5148.6802,5176.1001,0
2023-01-18,5229.5498,5230.4600,5156.2900,5229.5498,0
2023-01-19,5207.8301,5229.5498,5180.9399,5207.8301,0
2023-01-20,5235.9702,5259.4502,5207.8301,5235.9702,0
2023-01-23,5311.8398,5326.5601,5235.9702,5311.8398,0
2023-01-24,5256.6299,5315.0898,5256.5298,5256.6299,0
2023-01-25,5259.2798,5264.9502,5243.9702,5259.2798,0
2023-01-26,5333.6899,5334.0298,5258.5898,5333.6899,0
2023-01-27,5351.3398,5357.7300,5329.2700,5351.3398,0
2023-01-30,5337.9502,5368.5200,5322.7100,5337.9502,0
2023-01-31,5322.3901,5345.9199,5316.6201,5322.3901,0
2023-02-01,5308.1699,5343.6401,5302.1699,5308.1699,0
2023-02-02,5313.5200,5339.5298,5303.1602,5313.5200,0
2023-02-03,5314.2900,5340.6802,5282.5200,5314.2900,0
2023-02-06,5285.6201,5327.4199,5279.2500,5285.6201,0
2023-02-07,5271.2700,5300.0698,5265.4702,5271.2700,0
2023-02-08,5328.8301,5328.8301,5271.2700,5328.8301,0
2023-02-09,5356.9199,5374.6001,5328.8301,5356.9199,0
2023-02-10,5392.4502,5392.4502,5338.2402,5392.4502,0
2023-02-13,5366.1802,5405.8301,5353.0898,5366.1802,0
2023-02-14,5332.4302,5382.6802,5332.4302,5332.4302,0
2023-02-15,5404.2998,5404.9199,5329.0698,5404.2998,0
2023-02-16,5451.4502,5451.4502,5398.1802,5451.4502,0
2023-02-17,5328.9600,5451.4502,5325.8101,5328.9600,0
2023-02-20,5330.7598,5356.5601,5326.2598,5330.7598,0
2023-02-21,5261.3701,5347.5898,5260.3901,5261.3701,0
2023-02-22,5258.4600,5297.4302,5249.1299,5258.4600,0
2023-02-23,5312.7900,5330.4399,5258.4600,5312.7900,0
2023-02-24,5331.5698,5337.7100,5304.6299,5331.5698,0
2023-02-27,5357.1001,5379.8701,5328.8599,5357.1001,0
2023-02-28,5394.8999,5396.3901,5355.4302,5394.8999,0
2023-03-01,5375.3701,5411.7900,5357.8999,5375.3701,0
2023-03-02,5407.2402,5407.5400,5327.8301,5407.2402,0
2023-03-03,5439.4600,5477.7202,5407.2402,5439.4600,0
2023-03-06,5427.5200,5449.4199,5413.6899,5427.5200,0
2023-03-07,5403.4399,5432.1099,5362.6001,5403.4399,0
2023-03-08,5416.3901,5421.7998,5391.3599,5416.3901,0
2023-03-09,5410.5898,5459.8501,5409.4702,5410.5898,0
2023-03-10,5393.7202,5424.3301,5366.4199,5393.7202,0
2023-03-13,5337.0400,5393.7202,5308.7300,5337.0400,0
2023-03-14,5298.7798,5358.2598,5288.7202,5298.7798,0
2023-03-15,5196.6099,5298.7798,5183.5498,5196.6099,0
2023-03-16,5198.3501,5227.0098,5145.5298,5198.3501,0
2023-03-17,5112.0298,5225.2798,5112.0298,5112.0298,0
2023-03-20,5170.0898,5191.6602,5111.4600,5170.0898,0
2023-03-21,5299.1699,5302.1802,5170.0898,5299.1699,0
2023-03-22,5271.1802,5322.8799,5265.3599,5271.1802,0
2023-03-23,5275.3701,5313.9800,5261.9302,5275.3701,0
2023-03-24,5248.8599,5275.3701,5217.1099,5248.8599,0
2023-03-27,5258.0801,5286.8101,5248.8599,5258.0801,0
2023-03-28,5244.7500,5289.2002,5244.6401,5244.7500,0
2023-03-29,5313.7598,5313.7598,5244.7500,5313.7598,0
2023-03-30,5309.2002,5332.6299,5299.1499,5309.2002,0
2023-03-31,5324.6201,5345.2500,5301.8999,5324.6201,0
2023-04-03,5309.0000,5339.6899,5295.7100,5309.0000,0
2023-04-04,5228.0000,5309.0000,5226.0898,5228.0000,0
2023-04-05,5236.2202,5238.6299,5200.4702,5236.2202,0
2023-04-06,5274.2002,5276.8599,5227.9800,5274.2002,0
2023-04-10,5281.4800,5310.3398,5261.6899,5281.4800,0
2023-04-11,5306.8799,5312.2100,5281.4800,5306.8799,0
2023-04-12,5353.0898,5361.7300,5306.8799,5353.0898,0
2023-04-13,5365.1201,5373.6802,5335.5000,5365.1201,0
2023-04-14,5417.1802,5423.4302,5365.1201,5417.1802,0
2023-04-17,5469.9399,5474.6299,5417.1802,5469.9399,0
2023-04-18,5474.6201,5492.3599,5460.3599,5474.6201,0
2023-04-19,5423.4902,5474.6201,5419.7598,5423.4902,0
2023-04-20,5397.5898,5423.4902,5387.0801,5397.5898,0
2023-04-21,5226.9302,5424.1802,5146.9102,5226.9302,0
2023-04-24,5296.7798,5310.9800,5226.9302,5296.7798,0
2023-04-25,5299.5801,5317.7402,5271.2002,5299.5801,0
2023-04-26,5325.5898,5327.8398,5282.2402,5325.5898,0
2023-04-27,5410.2202,5411.0801,5322.5498,5410.2202,0
2023-04-28,5416.0898,5427.9800,5393.0698,5416.0898,0
2023-05-02,5369.3398,5416.0898,5316.5200,5369.3398,0
2023-05-03,5372.5801,5393.5200,5350.3198,5372.5801,0
2023-05-04,5376.4199,5383.3599,5333.5601,5376.4199,0
2023-05-05,5480.4199,5481.9399,5376.4199,5480.4199,0
2023-05-08,5608.4902,5631.4902,5480.4199,5608.4902,0
2023-05-09,5550.8901,5613.7202,5547.1401,5550.8901,0
2023-05-10,5569.6099,5571.7598,5539.5200,5569.6099,0
2023-05-11,5600.0000,5620.1899,5569.6099,5600.0000,0
2023-05-12,5596.4902,5610.4800,5584.0400,5596.4902,0
2023-05-15,5598.2100,5628.8701,5596.4902,5598.2100,0
2023-05-16,5619.0601,5630.3901,5593.8101,5619.0601,0
2023-05-17,5605.3599,5620.1401,5587.5801,5605.3599,0
2023-05-18,5640.6602,5644.0801,5585.7500,5640.6602,0
2023-05-19,5653.6001,5655.1699,5608.3101,5653.6001,0
2023-05-22,5691.5000,5771.3999,5653.6001,5691.5000,0
2023-05-23,5685.2998,5751.6201,5685.2998,5685.2998,0
2023-05-24,5643.2998,5685.2998,5589.9702,5643.2998,0
2023-05-25,5620.2100,5674.5698,5620.2100,5620.2100,0
2023-05-26,5609.4502,5643.4102,5604.7202,5609.4502,0
2023-05-29,5598.8301,5643.3301,5598.4102,5598.8301,0
2023-05-30,5592.8501,5629.3701,5592.8501,5592.8501,0
2023-05-31,5471.5400,5592.8501,5471.5400,5471.5400,0
2023-06-01,5520.7402,5528.0898,5471.0601,5520.7402,0
2023-06-02,5653.8101,5656.0898,5520.7402,5653.8101,0
2023-06-05,5654.4502,5665.8599,5618.5601,5654.4502,0
2023-06-06,5714.3198,5714.7002,5649.8799,5714.3198,0
2023-06-07,5679.2900,5734.8901,5679.2798,5679.2900,0
2023-06-08,5672.7100,5696.2002,5661.9399,5672.7100,0
2023-06-09,5690.9399,5694.7402,5666.1001,5690.9399,0
2023-06-12,5693.1699,5709.6602,5677.6602,5693.1699,0
2023-06-13,5712.2402,5725.1499,5693.1699,5712.2402,0
2023-06-14,5716.2900,5723.2900,5696.2402,5716.2900,0
2023-06-15,5741.7100,5746.3101,5710.6001,5741.7100,0
2023-06-16,5739.8999,5758.8301,5737.5200,5739.8999,0
2023-06-19,5754.2402,5755.9302,5735.0000,5754.2402,0
2023-06-20,5783.1099,5783.3301,5702.1299,5783.1099,0
2023-06-22,5763.2998,5783.6699,5738.4800,5763.2998,0
2023-06-23,5679.5601,5763.2998,5679.5601,5679.5601,0
2023-06-27,5658.8599,5721.9902,5658.8599,5658.8599,0
2023-06-28,5656.9902,5723.0498,5620.9502,5656.9902,0
2023-06-29,5728.3101,5729.2202,5656.9902,5728.3101,0
2023-06-30,5786.7998,5787.0698,5728.3101,5786.7998,0
2023-07-03,5853.7998,5854.5601,5786.7998,5853.7998,0
2023-07-04,5894.3398,5902.9502,5853.7998,5894.3398,0
2023-07-05,5835.1299,5894.3398,5834.8198,5835.1299,0
2023-07-06,5792.1699,5835.1299,5771.4199,5792.1699,0
2023-07-07,5942.2002,5942.2002,5792.1699,5942.2002,0
2023-07-10,5951.9502,5974.0698,5930.4600,5951.9502,0
2023-07-11,5995.4702,5998.6899,5951.9502,5995.4702,0
2023-07-12,6078.5698,6078.5698,5995.4702,6078.5698,0
2023-07-13,6061.9302,6112.7998,6058.3301,6061.9302,0
2023-07-14,6130.6802,6130.6802,6059.1802,6130.6802,0
2023-07-17,6197.1899,6197.8301,6105.4902,6197.1899,0
2023-07-18,6286.5000,6286.5000,6178.4600,6286.5000,0
2023-07-19,6320.4800,6320.6099,6244.2598,6320.4800,0
2023-07-20,6322.9199,6324.4302,6251.8799,6322.9199,0
2023-07-21,6300.9102,6322.9199,6282.7900,6300.9102,0
2023-07-24,6351.0898,6374.8301,6267.0698,6351.0898,0
2023-07-25,6411.4302,6447.3599,6351.0898,6411.4302,0
2023-07-26,6379.4199,6411.4302,6369.7300,6379.4199,0
2023-07-27,6318.6299,6389.1802,6316.4800,6318.6299,0
2023-07-28,6339.0400,6371.9902,6316.1001,6339.0400,0
2023-07-31,6394.3999,6430.8701,6339.0400,6394.3999,0
2023-08-01,6432.7598,6432.7598,6387.2598,6432.7598,0
2023-08-02,6332.1001,6432.7598,6318.2700,6332.1001,0
2023-08-03,6272.2900,6359.5098,6272.2900,6272.2900,0
2023-08-04,6292.6401,6339.9302,6272.2900,6292.6401,0
2023-08-07,6318.3501,6318.7798,6275.5200,6318.3501,0
2023-08-08,6241.3198,6318.3501,6240.4302,6241.3198,0
2023-08-09,6341.3599,6342.0200,6241.3198,6341.3599,0
2023-08-10,6290.3398,6354.7300,6279.7300,6290.3398,0
2023-08-11,6257.4399,6290.3398,6249.4702,6257.4399,0
2023-08-14,6216.2700,6257.4399,6201.4399,6216.2700,0
2023-08-16,6213.1802,6216.2700,6162.6899,6213.1802,0
2023-08-17,6131.5000,6213.1802,6130.5298,6131.5000,0
2023-08-18,6133.2598,6133.3599,6042.1602,6133.2598,0
2023-08-21,6122.9199,6165.8301,6095.6099,6122.9199,0
2023-08-22,6158.7402,6165.6602,6119.9600,6158.7402,0
2023-08-23,6189.9199,6232.2100,6146.1401,6189.9199,0
2023-08-24,6067.7402,6207.5000,6066.7100,6067.7402,0
2023-08-25,6046.6201,6068.4800,6030.8301,6046.6201,0
2023-08-28,6030.1499,6081.3101,6025.2500,6030.1499,0
2023-08-29,6059.6499,6059.6499,6016.6802,6059.6499,0
2023-08-30,6028.1899,6061.3198,6028.1899,6028.1899,0
2023-08-31,6009.2798,6049.0000,6009.2798,6009.2798,0
2023-09-01,5996.3599,6057.1299,5985.8301,5996.3599,0
2023-09-04,5990.2402,6020.2598,5976.3501,5990.2402,0
2023-09-05,5927.9302,6001.4502,5924.5098,5927.9302,0
2023-09-06,5905.7402,5936.6899,5899.3101,5905.7402,0
2023-09-07,5885.5200,5930.9102,5871.4502,5885.5200,0
2023-09-08,5868.8501,5903.1201,5868.4702,5868.8501,0
2023-09-11,5879.1499,5893.5298,5867.0000,5879.1499,0
2023-09-12,5886.4199,5908.4702,5879.1499,5886.4199,0
2023-09-13,5915.5200,5948.8398,5881.0601,5915.5200,0
2023-09-14,6002.0698,6002.0698,5915.5200,6002.0698,0
2023-09-15,6002.6699,6058.8799,6002.0698,6002.6699,0
2023-09-20,5932.8301,6002.6699,5932.8301,5932.8301,0
2023-09-21,5857.7202,5935.5698,5857.1899,5857.7202,0
2023-09-22,5831.9502,5887.4600,5823.6802,5831.9502,0
2023-09-25,5785.8398,5850.7202,5775.3999,5785.8398,0
2023-09-26,5762.5801,5807.2300,5758.4302,5762.5801,0
2023-09-27,5762.7002,5786.6401,5734.7002,5762.7002,0
2023-09-28,5824.6802,5836.8599,5762.6001,5824.6802,0
2023-09-29,5833.3599,5868.6802,5818.9902,5833.3599,0
2023-10-02,5755.6401,5853.1899,5748.1099,5755.6401,0
2023-10-03,5685.8398,5756.8501,5685.8398,5685.8398,0
2023-10-04,5699.3301,5726.2998,5669.3599,5699.3301,0
2023-10-05,5615.8301,5728.7202,5615.8301,5615.8301,0
2023-10-06,5659.2900,5669.3799,5564.7002,5659.2900,0
2023-10-10,5781.3999,5781.9199,5647.2998,5781.3999,0
2023-10-11,5780.9600,5837.5801,5768.4199,5780.9600,0
2023-10-12,5800.2202,5845.9102,5780.9600,5800.2202,0
2023-10-13,5777.7500,5842.0698,5767.9600,5777.7500,0
2023-10-16,5853.2100,5866.8901,5760.7202,5853.2100,0
2023-10-17,5890.7402,5915.6602,5831.4702,5890.7402,0
2023-10-18,5796.4399,5890.7402,5782.1201,5796.4399,0
2023-10-19,5713.4399,5796.4399,5713.4399,5713.4399,0
2023-10-20,5631.3301,5713.4399,5616.2202,5631.3301,0
2023-10-23,5503.3301,5631.3301,5503.3301,5503.3301,0
2023-10-24,5557.6201,5574.4702,5503.3301,5557.6201,0
2023-10-25,5515.6201,5575.5698,5489.9502,5515.6201,0
2023-10-26,5568.3501,5594.0801,5505.2002,5568.3501,0
2023-10-30,5433.3599,5568.3501,5433.3599,5433.3599,0
2023-10-31,5407.5000,5462.8901,5369.9502,5407.5000,0
2023-11-02,5460.6499,5466.1299,5365.2700,5460.6499,0
2023-11-03,5620.5698,5620.7100,5460.5698,5620.5698,0
2023-11-06,5575.4800,5661.9199,5560.5098,5575.4800,0
2023-11-07,5650.7700,5656.7202,5569.9199,5650.7700,0
2023-11-08,5647.9502,5687.9702,5645.7100,5647.9502,0
2023-11-09,5630.6299,5695.3599,5620.8701,5630.6299,0
2023-11-10,5618.6802,5647.6899,5609.7598,5618.6802,0
2023-11-13,5726.9399,5726.9399,5607.6899,5726.9399,0
2023-11-14,5712.1001,5737.6499,5681.3101,5712.1001,0
2023-11-15,5775.3799,5783.0400,5712.1001,5775.3799,0
2023-11-16,5729.7100,5775.8799,5688.6802,5729.7100,0
2023-11-17,5771.1001,5778.0098,5721.1499,5771.1001,0
2023-11-20,5841.7598,5844.2100,5771.1001,5841.7598,0
2023-11-21,5790.2402,5842.3301,5776.0698,5790.2402,0
2023-11-22,5800.5698,5805.0498,5773.1001,5800.5698,0
2023-11-23,5807.1899,5816.7202,5771.4302,5807.1899,0
2023-11-24,5776.7402,5820.4702,5774.9302,5776.7402,0
2023-11-27,5757.4199,5776.7402,5735.0898,5757.4199,0
2023-11-28,5776.5601,5783.5298,5743.3198,5776.5601,0
2023-11-29,5792.7798,5809.1899,5773.3398,5792.7798,0
2023-11-30,5818.5098,5826.6802,5760.2300,5818.5098,0
2023-12-01,5886.7100,5888.3198,5791.5400,5886.7100,0
2023-12-04,5823.3599,5886.7100,5823.3599,5823.3599,0
2023-12-05,5905.3101,5905.3101,5807.8198,5905.3101,0
2023-12-06,5920.0098,5941.1299,5905.3101,5920.0098,0
2023-12-07,5970.8101,5971.4600,5910.7202,5970.8101,0
2023-12-11,5884.7798,5970.8101,5844.6699,5884.7798,0
2023-12-12,5913.5000,5915.5601,5869.0200,5913.5000,0
2023-12-13,6020.4102,6030.2402,5905.4502,6020.4102,0
2023-12-14,6146.5898,6150.8301,6020.4102,6146.5898,0
2023-12-15,6138.1001,6207.0000,6138.0898,6138.1001,0
2023-12-18,6051.5200,6190.0000,6051.4600,6051.5200,0
2023-12-19,6060.4399,6098.2402,6037.8301,6060.4399,0
2023-12-20,6073.8599,6095.6899,6060.4399,6073.8599,0
2023-12-21,6107.7798,6109.7002,6045.8799,6107.7798,0
2023-12-22,6153.6602,6156.3799,6105.8398,6153.6602,0
2023-12-26,6218.0498,6233.7300,6153.6602,6218.0498,0
2023-12-27,6201.6602,6231.7100,6191.1499,6201.6602,0
2023-12-28,6249.4702,6292.4199,6201.6602,6249.4702,0
2023-12-29,6197.7700,6286.8501,6181.7998,6197.7700,0
2024-01-02,6210.5898,6210.5898,6152.6099,6210.5898,0
2024-01-03,6139.4502,6210.5898,6109.5601,6139.4502,0
2024-01-04,6076.1802,6168.7798,6058.1602,6076.1802,0
2024-01-05,6047.6401,6091.0898,5989.5698,6047.6401,0
2024-01-08,6056.3198,6078.9199,6040.5400,6056.3198,0
2024-01-09,6107.7202,6107.7202,6047.9902,6107.7202,0
2024-01-10,6056.0601,6107.7202,6051.0400,6056.0601,0
2024-01-11,6029.0200,6065.1201,6007.1499,6029.0200,0
2024-01-12,5968.6099,6040.5601,5968.6099,5968.6099,0
2024-01-15,5995.9600,5997.6001,5932.5298,5995.9600,0
2024-01-16,5970.4502,6013.7100,5968.8501,5970.4502,0
2024-01-17,5901.7202,5972.7998,5901.7202,5901.7202,0
2024-01-18,5867.7202,5949.0698,5867.6099,5867.7202,0
2024-01-19,5844.5601,5894.3101,5822.9600,5844.5601,0
2024-01-22,5921.0400,5926.0898,5832.3599,5921.0400,0
2024-01-23,5964.5801,5985.6299,5921.0400,5964.5801,0
2024-01-24,6057.7998,6062.9902,5964.5801,6057.7998,0
2024-01-25,5987.4702,6063.2300,5982.0601,5987.4702,0
2024-01-26,6058.5801,6074.3398,5987.4702,6058.5801,0
2024-01-29,6064.5698,6090.2002,6042.1802,6064.5698,0
2024-01-30,5970.6299,6069.0098,5970.0400,5970.6299,0
2024-01-31,5987.1401,6004.0000,5961.5898,5987.1401,0
2024-02-01,6051.4199,6067.0498,5981.8398,6051.4199,0
2024-02-02,5994.6001,6060.3398,5972.7900,5994.6001,0
2024-02-05,6005.2798,6014.0200,5957.0098,6005.2798,0
2024-02-06,6005.1899,6032.7700,5983.9502,6005.1899,0
2024-02-07,6010.2900,6026.5400,5995.9502,6010.2900,0
2024-02-08,6001.2002,6016.3901,5979.8701,6001.2002,0
2024-02-09,6032.6099,6035.2598,6001.2002,6032.6099,0
2024-02-12,6100.9302,6107.9800,6032.6099,6100.9302,0
2024-02-13,6024.1201,6115.9702,6014.3301,6024.1201,0
2024-02-14,6083.3701,6085.2300,6024.1201,6083.3701,0
2024-02-15,6188.3999,6193.4800,6081.9702,6188.3999,0
2024-02-16,6336.8101,6336.8101,6188.3999,6336.8101,0
2024-02-19,6382.5098,6384.4600,6302.5601,6382.5098,0
2024-02-20,6349.0000,6402.8799,6309.0200,6349.0000,0
2024-02-21,6251.4199,6349.0400,6251.4199,6251.4199,0
2024-02-22,6237.6299,6307.7700,6216.5601,6237.6299,0
2024-02-23,6189.5601,6252.1802,6188.9102,6189.5601,0
2024-02-26,6208.2900,6229.2900,6185.0400,6208.2900,0
2024-02-27,6322.2002,6322.2002,6208.2900,6322.2002,0
2024-02-28,6344.4399,6381.4302,6322.2002,6344.4399,0
2024-02-29,6449.8799,6472.6201,6344.4399,6449.8799,0
2024-03-01,6481.2500,6498.6499,6449.8799,6481.2500,0
2024-03-04,6340.7700,6510.9399,6339.4502,6340.7700,0
2024-03-05,6258.8599,6340.7700,6240.3301,6258.8599,0
2024-03-06,6348.0200,6388.4102,6258.8599,6348.0200,0
2024-03-07,6357.5601,6382.5898,6331.9302,6357.5601,0
2024-03-08,6337.6099,6384.4302,6337.6099,6337.6099,0
2024-03-11,6416.4600,6417.2700,6331.6802,6416.4600,0
2024-03-12,6502.1802,6502.1802,6416.4600,6502.1802,0
2024-03-13,6491.1099,6523.4102,6486.5601,6491.1099,0
2024-03-14,6460.7100,6497.3398,6424.9800,6460.7100,0
2024-03-15,6463.7598,6488.3301,6460.7100,6463.7598,0
2024-03-18,6454.4102,6518.0200,6449.1001,6454.4102,0
2024-03-19,6416.8901,6454.4102,6416.6099,6416.8901,0
2024-03-20,6501.2700,6501.2700,6416.8901,6501.2700,0
2024-03-21,6485.9199,6583.1802,6485.0200,6485.9199,0
2024-03-22,6516.3701,6532.8301,6472.1899,6516.3701,0
2024-03-25,6494.2900,6572.3101,6462.7598,6494.2900,0
2024-03-26,6520.3901,6572.3101,6462.7598,6520.3901,0
2024-03-27,6597.9399,6604.1099,6507.6602,6597.9399,0
2024-03-28,6643.7598,6681.0400,6597.9399,6643.7598,0
2024-04-01,6637.9102,6705.6099,6615.4199,6637.9102,0
2024-04-02,6634.2002,6649.1299,6589.9902,6634.2002,0
2024-04-03,6616.7598,6642.1299,6602.8198,6616.7598,0
2024-04-04,6588.7500,6667.8999,6588.7500,6588.7500,0
2024-04-05,6512.3599,6590.2402,6511.1001,6512.3599,0
2024-04-08,6603.3101,6606.1602,6512.3599,6603.3101,0
2024-04-09,6668.5498,6670.3501,6603.3101,6668.5498,0
2024-04-10,6688.0200,6702.1899,6640.6899,6688.0200,0
2024-04-11,6726.5200,6729.9702,6680.3198,6726.5200,0
2024-04-12,6564.1001,6729.3701,6545.1899,6564.1001,0
2024-04-15,6479.6699,6609.9600,6463.4302,6479.6699,0
2024-04-16,6430.6099,6479.6699,6407.3398,6430.6099,0
2024-04-17,6455.5898,6474.9102,6384.8799,6455.5898,0
2024-04-18,6451.2998,6473.6099,6432.5200,6451.2998,0
2024-04-19,6365.0898,6469.6699,6365.0898,6365.0898,0
2024-04-22,6374.3501,6374.9199,6332.2998,6374.3501,0
2024-04-23,6467.8101,6478.9199,6369.5601,6467.8101,0
2024-04-24,6363.4800,6472.5098,6363.4800,6363.4800,0
2024-04-25,6311.5601,6377.7100,6310.0698,6311.5601,0
2024-04-26,6393.1499,6394.2002,6311.5601,6393.1499,0
2024-04-29,6550.3901,6551.3301,6393.1499,6550.3901,0
2024-04-30,6511.9302,6551.6401,6491.5698,6511.9302,0
2024-05-02,6497.8198,6539.2700,6490.8301,6497.8198,0
2024-05-03,6559.0498,6570.9199,6497.8198,6559.0498,0
2024-05-06,6496.7202,6593.2300,6494.0601,6496.7202,0
2024-05-07,6600.8301,6602.2300,6496.0098,6600.8301,0
2024-05-08,6644.4302,6644.9600,6576.9600,6644.4302,0
2024-05-09,6629.8999,6687.9399,6629.3901,6629.8999,0
2024-05-10,6640.3198,6687.9399,6599.3999,6640.3198,0
2024-05-13,6695.2598,6697.1401,6640.3198,6695.2598,0
2024-05-14,6728.4102,6740.3398,6670.5898,6728.4102,0
2024-05-15,6711.7002,6756.7202,6711.3101,6711.7002,0
2024-05-16,6651.4600,6720.2900,6651.4600,6651.4600,0
2024-05-17,6658.9800,6678.2998,6649.0400,6658.9800,0
2024-05-20,6710.4102,6716.8701,6658.9800,6710.4102,0
2024-05-22,6737.6099,6744.7598,6690.1899,6737.6099,0
2024-05-23,6781.8799,6794.6401,6737.6099,6781.8799,0
2024-05-24,6775.8799,6814.4199,6766.8701,6775.8799,0
2024-05-27,6810.9102,6826.1899,6775.8799,6810.9102,0
2024-05-28,6759.0400,6834.6499,6759.0400,6759.0400,0
2024-05-29,6681.6802,6834.6499,6681.6802,6681.6802,0
2024-05-30,6639.1299,6703.2100,6631.8301,6639.1299,0
2024-05-31,6632.7998,6675.9102,6593.9399,6632.7998,0
2024-06-03,6614.3599,6649.9600,6591.6499,6614.3599,0
2024-06-04,6597.7002,6622.2900,6579.0698,6597.7002,0
2024-06-05,6655.8701,6678.1099,6597.7002,6655.8701,0
2024-06-06,6688.1201,6688.6499,6649.2598,6688.1201,0
2024-06-07,6637.6602,6701.0898,6629.1299,6637.6602,0
2024-06-10,6622.0400,6670.4302,6621.6602,6622.0400,0
2024-06-11,6541.4502,6622.0400,6540.6499,6541.4502,0
2024-06-12,6535.2598,6586.3501,6521.3101,6535.2598,0
2024-06-13,6486.3599,6552.0000,6486.3599,6486.3599,0
2024-06-14,6518.1099,6518.1201,6454.4399,6518.1099,0
2024-06-17,6506.5098,6527.4600,6485.1602,6506.5098,0
2024-06-18,6542.5498,6555.4102,6506.5098,6542.5498,0
2024-06-19,6589.3198,6590.7500,6541.4399,6589.3198,0
2024-06-21,6488.7500,6589.3198,6488.7500,6488.7500,0
2024-06-24,6491.5000,6496.5801,6454.7598,6491.5000,0
2024-06-25,6412.0098,6514.7798,6410.1699,6412.0098,0
2024-06-26,6512.1299,6554.5400,6412.0098,6512.1299,0
2024-06-27,6504.5298,6512.1299,6479.1401,6504.5298,0
2024-06-28,6413.8799,6504.5298,6413.8101,6413.8799,0
2024-07-01,6406.9399,6465.5498,6381.4302,6406.9399,0
2024-07-02,6385.3901,6412.2002,6344.0400,6385.3901,0
2024-07-03,6533.6899,6534.6099,6385.3901,6533.6899,0
2024-07-04,6532.5098,6551.9902,6510.1401,6532.5098,0
2024-07-05,6483.6699,6532.5098,6467.6299,6483.6699,0
2024-07-08,6520.9302,6522.0098,6473.5898,6520.9302,0
2024-07-09,6470.1299,6520.9302,6470.1299,6470.1299,0
2024-07-10,6467.1699,6496.0400,6453.9199,6467.1699,0
2024-07-11,6544.6201,6544.6201,6467.1699,6544.6201,0
2024-07-12,6550.0098,6551.9902,6503.7402,6550.0098,0
2024-07-15,6566.3799,6588.8999,6533.4702,6566.3799,0
2024-07-17,6568.7700,6597.2998,6521.3398,6568.7700,0
2024-07-18,6576.7002,6616.8398,6553.2300,6576.7002,0
2024-07-19,6558.6802,6588.5898,6549.5098,6558.6802,0
2024-07-22,6600.6401,6603.1001,6558.6802,6600.6401,0
2024-07-23,6551.3599,6601.6001,6551.3599,6551.3599,0
2024-07-24,6513.8501,6558.3501,6507.6201,6513.8501,0
2024-07-25,6441.0098,6513.8501,6441.0098,6441.0098,0
2024-07-26,6432.1602,6486.6401,6432.1602,6432.1602,0
2024-07-29,6486.1899,6487.3398,6422.0000,6486.1899,0
2024-07-30,6466.1299,6494.0498,6466.1299,6466.1299,0
2024-07-31,6440.5601,6500.7798,6440.5601,6440.5601,0
2024-08-01,6418.1499,6453.6802,6379.6099,6418.1499,0
2024-08-02,6315.4600,6418.1499,6290.4399,6315.4600,0
2024-08-05,6098.8701,6315.4600,6092.8799,6098.8701,0
2024-08-06,6178.5498,6191.4800,6098.8701,6178.5498,0
2024-08-07,6192.6899,6263.8799,6174.6802,6192.6899,0
2024-08-08,6293.6201,6293.7598,6185.4600,6293.6201,0
2024-08-09,6320.9600,6340.5200,6293.6201,6320.9600,0
2024-08-12,6326.0498,6351.4399,6318.9800,6326.0498,0
2024-08-13,6369.7402,6373.9502,6326.0498,6369.7402,0
2024-08-14,6405.1201,6405.9600,6297.0000,6405.1201,0
2024-08-16,6457.7402,6474.2598,6404.3501,6457.7402,0
2024-08-19,6458.7798,6481.9102,6438.6201,6458.7798,0
2024-08-20,6491.0400,6509.5498,6458.7798,6491.0400,0
2024-08-21,6495.4302,6520.7900,6461.8398,6495.4302,0
2024-08-22,6476.3901,6504.5400,6436.7598,6476.3901,0
2024-08-23,6463.2402,6510.0000,6461.6602,6463.2402,0
2024-08-26,6442.1899,6496.4399,6434.1299,6442.1899,0
2024-08-27,6379.4600,6448.7300,6379.4600,6379.4600,0
2024-08-28,6385.5200,6408.0298,6364.7100,6385.5200,0
2024-08-29,6448.2798,6461.0498,6385.5200,6448.2798,0
2024-08-30,6459.9600,6486.1802,6436.4600,6459.9600,0
2024-09-02,6456.2500,6470.7798,6439.5200,6456.2500,0
2024-09-03,6387.1802,6456.7300,6375.3301,6387.1802,0
2024-09-04,6389.0498,6437.0200,6387.1802,6389.0498,0
2024-09-05,6361.5898,6403.7598,6346.1602,6361.5898,0
2024-09-06,6245.4199,6361.5898,6242.9600,6245.4199,0
2024-09-09,6232.1099,6297.3101,6230.2002,6232.1099,0
2024-09-10,6214.8599,6268.6201,6206.9302,6214.8599,0
2024-09-11,6301.5801,6316.3101,6214.8599,6301.5801,0
2024-09-12,6343.1602,6343.1602,6297.5498,6343.1602,0
2024-09-13,6351.3101,6373.4199,6327.1802,6351.3101,0
2024-09-16,6346.8101,6359.6401,6319.9102,6346.8101,0
2024-09-17,6333.1602,6362.1401,6322.6602,6333.1602,0
2024-09-23,6374.3501,6374.3501,6310.6099,6374.3501,0
2024-09-24,6449.8999,6455.3999,6374.3501,6449.8999,0
2024-09-25,6440.8701,6467.1001,6415.0898,6440.8701,0
2024-09-26,6529.9800,6529.9800,6440.8701,6529.9800,0
2024-09-27,6530.7300,6581.1099,6529.9800,6530.7300,0
2024-09-30,6490.5698,6546.7700,6482.6299,6490.5698,0
2024-10-01,6448.8599,6496.9399,6417.8198,6448.8599,0
2024-10-02,6392.0898,6455.6201,6391.7998,6392.0898,0
2024-10-03,6389.8198,6396.8198,6336.1099,6389.8198,0
2024-10-04,6480.9302,6480.9302,6389.8198,6480.9302,0
2024-10-07,6475.1499,6519.7402,6442.0400,6475.1499,0
2024-10-08,6492.7500,6506.8301,6434.6499,6492.7500,0
2024-10-09,6541.2900,6547.7100,6492.7500,6541.2900,0
2024-10-10,6578.7700,6578.7700,6526.0200,6578.7700,0
2024-10-11,6572.9502,6578.7700,6543.7100,6572.9502,0
2024-10-14,6572.0000,6573.2402,6526.6299,6572.0000,0
2024-10-15,6558.9800,6572.0000,6521.6499,6558.9800,0
2024-10-16,6542.6401,6595.2100,6541.6299,6542.6401,0
2024-10-17,6571.5898,6582.2900,6527.4502,6571.5898,0
2024-10-18,6643.5200,6649.4600,6571.5898,6643.5200,0
2024-10-21,6671.0698,6671.1001,6625.7798,6671.0698,0
2024-10-22,6674.6602,6688.2700,6664.4502,6674.6602,0
2024-10-23,6686.9800,6720.9600,6667.2402,6686.9800,0
2024-10-24,6725.7998,6741.0400,6686.9800,6725.7998,0
2024-10-25,6754.6899,6776.7700,6724.2900,6754.6899,0
2024-10-28,6735.4600,6780.8398,6731.7100,6735.4600,0
2024-10-29,6672.6099,6752.5801,6660.7100,6672.6099,0
2024-10-30,6550.3198,6680.9800,6550.0801,6550.3198,0
2024-11-04,6629.9600,6647.4399,6547.9102,6629.9600,0
2024-11-05,6525.3799,6643.7998,6524.2100,6525.3799,0
2024-11-06,6579.6499,6586.7002,6469.3799,6579.6499,0
2024-11-07,6561.8301,6618.2300,6550.5698,6561.8301,0
2024-11-08,6519.7202,6563.2300,6498.4800,6519.7202,0
2024-11-11,6539.3501,6563.1802,6519.7202,6539.3501,0
2024-11-12,6508.6401,6554.7998,6501.0298,6508.6401,0
2024-11-13,6558.5000,6578.6802,6508.6401,6558.5000,0
2024-11-14,6478.9702,6560.9502,6472.3198,6478.9702,0
2024-11-15,6527.0200,6528.2598,6464.0898,6527.0200,0
2024-11-18,6542.3901,6558.8501,6502.8101,6542.3901,0
2024-11-19,6549.3701,6586.8701,6541.9399,6549.3701,0
2024-11-20,6576.3301,6613.6299,6539.7100,6576.3301,0
2024-11-21,6592.9302,6614.7900,6559.7202,6592.9302,0
2024-11-22,6564.1602,6596.7598,6542.5498,6564.1602,0
2024-11-25,6549.1602,6588.0000,6549.1602,6549.1602,0
2024-11-26,6558.2998,6571.7402,6543.8398,6558.2998,0
2024-11-27,6578.9800,6602.1299,6558.2998,6578.9800,0
2024-11-28,6587.3501,6605.5200,6577.9102,6587.3501,0
2024-11-29,6576.6001,6605.4399,6562.7300,6576.6001,0
2024-12-02,6639.8599,6639.8599,6568.4102,6639.8599,0
2024-12-03,6629.7202,6663.3398,6621.2002,6629.7202,0
2024-12-04,6631.3599,6644.7900,6617.5298,6631.3599,0
2024-12-05,6660.1401,6660.1401,6616.2598,6660.1401,0
2024-12-06,6648.6499,6682.2202,6647.5498,6648.6499,0
2024-12-09,6714.1201,6735.2798,6648.6499,6714.1201,0
2024-12-10,6720.2100,6721.1299,6691.9800,6720.2100,0
2024-12-11,6731.6699,6734.1001,6702.6401,6731.6699,0
2024-12-12,6781.0400,6781.6499,6712.3101,6781.0400,0
2024-12-13,6767.2500,6796.9502,6764.4199,6767.2500,0
2024-12-16,6798.9902,6806.6699,6761.8501,6798.9902,0
2024-12-17,6730.2202,6806.5601,6730.2202,6730.2202,0
2024-12-18,6731.4902,6746.1899,6713.2798,6731.4902,0
2024-12-19,6699.8398,6731.4902,6657.3701,6699.8398,0
2024-12-20,6700.8198,6700.8198,6659.8198,6700.8198,0
2024-12-23,6665.3701,6710.8101,6636.6899,6665.3701,0
2024-12-24,6680.1699,6682.6001,6653.2402,6680.1699,0
2024-12-26,6691.0898,6708.7202,6677.9800,6691.0898,0
2024-12-27,6703.2700,6723.2798,6690.2998,6703.2700,0
2024-12-30,6710.0200,6722.6802,6690.7002,6710.0200,0
2025-01-02,6681.9199,6731.7002,6676.5200,6681.9199,0
2025-01-03,6700.9800,6712.8999,6681.9199,6700.9800,0
2025-01-06,6780.0298,6780.6602,6700.9800,6780.0298,0
2025-01-07,6806.4702,6812.7798,6780.0298,6806.4702,0
2025-01-08,6762.7402,6806.6099,6762.7300,6762.7402,0
2025-01-09,6802.5801,6817.1099,6762.7402,6802.5801,0
2025-01-10,6814.1201,6821.5200,6782.3599,6814.1201,0
2025-01-13,6756.5000,6814.1201,6756.4702,6756.5000,0
2025-01-14,6823.0098,6832.7900,6756.5000,6823.0098,0
2025-01-15,6900.0498,6900.6401,6823.0098,6900.0498,0
2025-01-16,6957.6699,6957.6699,6888.8501,6957.6699,0
2025-01-17,6958.7900,6992.7202,6945.0601,6958.7900,0
2025-01-20,7010.2202,7010.5898,6958.7900,7010.2202,0
2025-01-21,7038.2300,7039.8301,6958.7900,7038.2300,0
2025-01-22,7026.9702,7055.9502,7021.0000,7026.9702,0
2025-01-23,7050.9600,7052.0298,7004.8999,7050.9600,0
2025-01-24,7068.6699,7082.0601,7046.2300,7068.6699,0
2025-01-27,7028.4600,7088.5200,6989.0601,7028.4600,0
2025-01-28,7035.0098,7065.5898,7020.3799,7035.0098,0
2025-01-29,7088.7900,7094.8301,7035.0098,7088.7900,0
2025-01-30,7222.0801,7226.3701,7088.7900,7222.0801,0
2025-01-31,7199.5898,7307.7202,7199.5898,7199.5898,0
2025-02-03,7204.6899,7204.7002,7113.6802,7204.6899,0
2025-02-04,7269.1899,7297.2998,7204.6899,7269.1899,0
2025-02-05,7273.9902,7301.1699,7246.4902,7273.9902,0
2025-02-06,7301.4399,7312.4702,7245.5400,7301.4399,0
2025-02-07,7285.1099,7314.2202,7261.6802,7285.1099,0
2025-02-10,7294.6401,7322.6401,7272.5000,7294.6401,0
2025-02-11,7278.0400,7315.8198,7251.2998,7278.0400,0
2025-02-12,7282.3398,7326.8501,7269.4702,7282.3398,0
2025-02-13,7328.3501,7328.3501,7282.3398,7328.3501,0
2025-02-14,7359.9102,7365.4199,7328.3501,7359.9102,0
2025-02-17,7303.6201,7378.2002,7270.4102,7303.6201,0
2025-02-18,7297.9102,7323.3101,7254.4702,7297.9102,0
2025-02-19,7281.3301,7304.2900,7257.5601,7281.3301,0
2025-02-20,7322.4800,7341.3799,7276.5200,7322.4800,0
2025-02-21,7311.7500,7351.8799,7302.8701,7311.7500,0
2025-02-24,7311.3301,7336.0400,7273.8301,7311.3301,0
2025-02-25,7316.0098,7316.7202,7294.9502,7316.0098,0
2025-02-26,7351.0601,7351.0601,7311.8901,7351.0601,0
2025-02-27,7392.8501,7392.8799,7349.9399,7392.8501,0
2025-02-28,7332.1201,7396.8101,7318.2998,7332.1201,0
2025-03-03,7344.9600,7371.6001,7327.1899,7344.9600,0
2025-03-04,7313.8901,7344.9600,7273.2002,7313.8901,0
2025-03-05,7333.1001,7354.6201,7310.0200,7333.1001,0
2025-03-06,7370.3198,7370.3198,7313.3599,7370.3198,0
2025-03-07,7377.0898,7411.9600,7370.3198,7377.0898,0
2025-03-10,7369.6699,7397.0601,7354.5000,7369.6699,0
2025-03-11,7365.8198,7412.7900,7352.7900,7365.8198,0
2025-03-12,7391.2998,7391.2998,7327.3501,7391.2998,0
2025-03-13,7449.8701,7451.4102,7385.9902,7449.8701,0
2025-03-14,7509.0000,7519.8198,7449.8701,7509.0000,0
2025-03-17,7601.8198,7602.6802,7509.0000,7601.8198,0
2025-03-18,7585.6099,7616.9502,7579.5698,7585.6099,0
2025-03-19,7594.9502,7611.0400,7578.2900,7594.9502,0
2025-03-20,7575.5298,7603.3701,7562.0801,7575.5298,0
2025-03-21,7585.8101,7603.3701,7571.2500,7585.8101,0
2025-03-24,7632.6602,7656.7700,7585.8101,7632.6602,0
2025-03-25,7606.4199,7632.6602,7588.1099,7606.4199,0
2025-03-26,7593.4399,7626.8901,7569.1602,7593.4399,0
2025-03-27,7654.0601,7654.7002,7590.2202,7654.0601,0
2025-03-28,7694.4902,7694.4902,7648.8599,7694.4902,0
2025-03-31,7648.5898,7694.8198,7617.1401,7648.5898,0
2025-04-01,7685.6001,7709.6201,7642.8398,7685.6001,0
2025-04-02,7698.7002,7717.4102,7662.9702,7698.7002,0
2025-04-03,7719.2202,7729.4399,7604.0801,7719.2202,0
2025-04-04,7504.2100,7719.2202,7483.9702,7504.2100,0
2025-04-07,7252.5601,7504.2100,7231.8701,7252.5601,0
2025-04-08,7163.0898,7360.3999,7151.0400,7163.0898,0
2025-04-09,7473.4302,7473.4302,7137.3198,7473.4302,0
2025-04-10,7372.0898,7482.7998,7277.5200,7372.0898,0
2025-04-11,7430.6899,7463.6899,7354.8501,7430.6899,0
2025-04-14,7572.2002,7592.3799,7430.6899,7572.2002,0
2025-04-15,7695.0601,7695.3799,7566.9902,7695.0601,0
2025-04-16,7710.5498,7722.9702,7678.6299,7710.5498,0
2025-04-17,7815.2500,7815.2500,7710.5498,7815.2500,0
2025-04-21,7751.3799,7815.2500,7748.2798,7751.3799,0
2025-04-22,7814.3599,7839.7798,7751.3799,7814.3599,0
2025-04-23,7922.5098,7942.3101,7814.3599,7922.5098,0
2025-04-24,7998.6001,8027.9702,7922.5098,7998.6001,0
2025-04-25,7991.6201,8015.3901,7978.4600,7991.6201,0
2025-04-28,7986.8198,8020.9199,7923.9302,7986.8198,0
2025-04-29,8059.3999,8059.3999,7986.8198,8059.3999,0
2025-04-30,8041.1401,8066.6201,7961.5601,8041.1401,0
2025-05-02,8039.2300,8041.9199,7953.2500,8039.2300,0
2025-05-05,8019.7700,8056.5400,8010.0400,8019.7700,0
2025-05-06,8069.7998,8069.7998,7981.7798,8069.7998,0
2025-05-07,8173.8101,8192.0801,8069.7998,8173.8101,0
2025-05-08,8162.8701,8206.0303,8162.8701,8162.8701,0
2025-05-09,8233.1201,8233.1201,8158.8901,8233.1201,0
2025-05-12,8326.1904,8350.7803,8233.1201,8326.1904,0
2025-05-13,8368.7598,8371.1602,8324.5400,8368.7598,0
2025-05-14,8469.6396,8479.3604,8368.7598,8469.6396,0
2025-05-15,8411.0098,8492.5996,8395.0000,8411.0098,0
2025-05-16,8386.1602,8412.8096,8289.3799,8386.1602,0
2025-05-19,8392.0996,8400.7305,8340.4404,8392.0996,0
2025-05-20,8418.3301,8454.1699,8387.3301,8418.3301,0
2025-05-22,8367.6201,8418.3301,8350.8096,8367.6201,0
2025-05-23,8399.5898,8400.2803,8311.1699,8399.5898,0
2025-05-26,8390.2002,8445.1299,8367.3896,8390.2002,0
2025-05-27,8351.7900,8404.4697,8344.9805,8351.7900,0
2025-05-28,8244.5195,8372.6602,8244.3496,8244.5195,0
2025-05-29,8192.1797,8278.8203,8182.8599,8192.1797,0
2025-05-30,8047.5098,8202.0000,8047.5098,8047.5098,0
2025-06-02,8048.9302,8092.5200,8027.4600,8048.9302,0
2025-06-03,8112.0698,8129.6201,8021.5898,8112.0698,0
2025-06-04,8169.9800,8233.7500,8111.7598,8169.9800,0
2025-06-05,8145.5898,8190.5601,8145.5898,8145.5898,0
2025-06-06,8170.0400,8195.2197,8140.0098,8170.0400,0
2025-06-09,8172.5498,8196.5996,8166.0698,8172.5498,0
2025-06-10,8227.1797,8228.8701,8163.7300,8227.1797,0
2025-06-11,8320.1104,8361.6299,8227.1797,8320.1104,0
2025-06-12,8269.4404,8336.5303,8265.5303,8269.4404,0
2025-06-13,8209.9199,8269.4404,8177.4199,8209.9199,0
2025-06-16,8165.2900,8253.0996,8165.1001,8165.2900,0
2025-06-17,8091.5698,8165.2900,8082.4199,8091.5698,0
2025-06-18,8086.7202,8091.5698,8048.2300,8086.7202,0
2025-06-19,8077.4800,8108.0601,8033.6201,8077.4800,0
2025-06-23,8029.7100,8077.4800,7943.8799,8029.7100,0
2025-06-24,8148.1499,8166.2402,8029.7100,8148.1499,0
2025-06-25,8140.8398,8170.8701,8119.7998,8140.8398,0
2025-06-26,8176.9399,8213.4805,8140.8398,8176.9399,0
2025-06-27,8213.0801,8213.6104,8140.0801,8213.0801,0
2025-06-30,8247.5703,8248.1797,8166.7002,8247.5703,0
2025-07-01,8211.8301,8291.4600,8208.7695,8211.8301,0
2025-07-02,8268.4502,8296.6504,8211.8301,8268.4502,0
2025-07-03,8290.2598,8305.8896,8248.5898,8290.2598,0
2025-07-04,8285.2900,8304.3496,8268.5498,8285.2900,0
2025-07-07,8256.5498,8285.2900,8217.0596,8256.5498,0
2025-07-08,8316.7402,8338.4404,8256.5498,8316.7402,0
2025-07-09,8329.4902,8336.7900,8301.2002,8329.4902,0
2025-07-10,8343.6797,8344.9004,8307.3398,8343.6797,0
2025-07-11,8231.9199,8343.6797,8225.2197,8231.9199,0
2025-07-14,8233.7305,8254.5400,8213.4102,8233.7305,0
2025-07-15,8152.4702,8237.8496,8139.2598,8152.4702,0
2025-07-17,8210.4600,8233.4404,8152.4702,8210.4600,0
2025-07-18,8184.5000,8227.6104,8155.1201,8184.5000,0
2025-07-21,8125.1602,8228.2100,8123.9600,8125.1602,0
2025-07-22,8118.9102,8185.7700,8118.2900,8118.9102,0
2025-07-23,8140.7002,8140.7002,8084.4302,8140.7002,0
2025-07-24,8141.8198,8190.5098,8137.1201,8141.8198,0
2025-07-25,8221.9004,8221.9600,8141.8198,8221.9004,0
2025-07-28,8074.3101,8221.9004,8074.3101,8074.3101,0
2025-07-29,8121.4199,8122.5400,8037.7798,8121.4199,0
2025-07-30,8121.4502,8175.0601,8118.2998,8121.4502,0
2025-07-31,8186.0898,8186.9600,8092.8398,8186.0898,0
2025-08-01,8161.3301,8186.0898,8140.9302,8161.3301,0
2025-08-04,8209.8398,8220.5000,8161.3301,8209.8398,0
2025-08-05,8195.1699,8240.8896,8179.2202,8195.1699,0
2025-08-06,8247.3096,8268.7305,8195.1699,8247.3096,0
2025-08-07,8360.9004,8360.9004,8247.3096,8360.9004,0
2025-08-08,8520.5303,8520.6602,8360.9004,8520.5303,0
2025-08-11,8591.5000,8649.2197,8520.5303,8591.5000,0
2025-08-12,8585.5996,8624.3301,8581.1797,8585.5996,0
2025-08-13,8737.8604,8740.1104,8585.5996,8737.8604,0
2025-08-14,8739.4199,8752.1699,8655.8096,8739.4199,0
2025-08-18,8827.1699,8850.0996,8739.4199,8827.1699,0
2025-08-19,8736.8398,8840.2100,8736.8398,8736.8398,0
2025-08-20,8683.6602,8736.8398,8654.4502,8683.6602,0
2025-08-21,8725.7197,8745.1904,8683.6602,8725.7197,0
2025-08-22,8854.2598,8854.6104,8725.7197,8854.2598,0
2025-08-25,8883.3604,8938.2002,8854.2598,8883.3604,0
2025-08-26,8827.0000,8897.7598,8767.4902,8827.0000,0
2025-08-27,8884.4697,8899.0801,8821.7598,8884.4697,0
2025-08-28,8920.9902,8920.9902,8866.7500,8920.9902,0
2025-08-29,8899.9102,8941.5703,8899.5098,8899.9102,0
2025-09-01,8922.0000,8930.7402,8889.8701,8922.0000,0
2025-09-02,8991.5000,8991.5596,8868.5498,8991.5000,0
2025-09-03,9062.9199,9071.9902,8960.5996,9062.9199,0
2025-09-04,9175.3203,9175.3203,9047.7803,9175.3203,0
2025-09-05,9210.6797,9285.0498,9175.3203,9210.6797,0
2025-09-08,9089.2900,9237.7197,9082.2305,9089.2900,0
2025-09-09,8985.1602,9089.2900,8942.9199,8985.1602,0
2025-09-10,8973.6904,9013.0996,8961.0898,8973.6904,0
2025-09-11,9151.3896,9151.3896,8973.6904,9151.3896,0
2025-09-12,8989.7500,9176.5303,8986.1797,8989.7500,0
2025-09-15,9088.5303,9112.7500,8989.7500,9088.5303,0
2025-09-16,9066.0303,9116.1504,9037.2305,9066.0303,0
2025-09-17,9007.1396,9095.2002,9007.1396,9007.1396,0
2025-09-22,9116.9297,9116.9297,8973.8096,9116.9297,0
2025-09-23,9146.7998,9158.9199,9092.9600,9146.7998,0
2025-09-24,9114.7900,9192.9902,9081.1299,9114.7900,0
2025-09-25,9040.4600,9115.3301,9009.1504,9040.4600,0
2025-09-26,9023.0498,9082.6904,9023.0498,9023.0498,0
2025-09-29,8996.5703,9088.6699,8996.5703,8996.5703,0
2025-09-30,8970.6797,9031.1504,8952.4297,8970.6797,0
2025-10-01,8939.3701,9029.5498,8936.7900,8939.3701,0
2025-10-02,8899.6699,8957.0996,8862.7998,8899.6699,0
2025-10-03,8890.2900,8933.9502,8860.7402,8890.2900,0
2025-10-06,8832.4805,8902.4199,8811.2197,8832.4805,0
2025-10-07,8829.9805,8856.9102,8809.0303,8829.9805,0
2025-10-08,8909.3896,8909.3896,8818.5498,8909.3896,0
2025-10-09,8818.6797,8970.2803,8769.5498,8818.6797,0
2025-10-10,8675.7998,8837.9902,8669.1797,8675.7998,0
2025-10-13,8794.5303,8795.3799,8675.7998,8794.5303,0
2025-10-14,9013.3398,9013.3398,8774.0996,9013.3398,0
2025-10-15,9112.5801,9112.6602,9013.3398,9112.5801,0
2025-10-16,9112.1504,9203.5195,9088.7197,9112.1504,0
2025-10-17,9129.9805,9129.9805,9067.5996,9129.9805,0
2025-10-20,9159.7500,9186.7402,9129.9805,9159.7500,0
2025-10-21,9114.7402,9187.0703,9111.4404,9114.7402,0
2025-10-22,9049.4502,9119.4600,9018.8301,9049.4502,0
2025-10-23,9149.6396,9156.3398,9049.4502,9149.6396,0
2025-10-24,9184.4102,9248.9697,9149.6396,9184.4102,0
2025-10-27,9207.6396,9309.6904,9184.4102,9207.6396,0
2025-10-28,9232.1699,9261.3799,9193.0000,9232.1699,0
2025-10-29,9326.5000,9326.5000,9232.1699,9326.5000,0
2025-10-30,9428.8896,9448.3496,9317.0400,9428.8896,0
2025-11-03,9511.7803,9535.6602,9424.9102,9511.7803,0
2025-11-04,9322.9004,9511.7803,9319.3896,9322.9004,0
2025-11-05,9432.1299,9449.0000,9322.9004,9432.1299,0
2025-11-06,9459.5898,9506.2305,9432.1299,9459.5898,0
2025-11-07,9605.0596,9623.7002,9450.0596,9605.0596,0
2025-11-10,9660.1699,9732.5303,9605.0596,9660.1699,0
2025-11-11,9710.8301,9734.8203,9614.4502,9710.8301,0
2025-11-12,9893.8604,9902.5400,9710.8301,9893.8604,0
2025-11-13,9710.3799,9937.4404,9710.3799,9710.3799,0
2025-11-14,9603.0195,9710.3799,9558.8203,9603.0195,0
2025-11-17,9904.4697,9933.3701,9603.0195,9904.4697,0
2025-11-18,9809.3701,9904.4697,9697.2305,9809.3701,0
2025-11-19,9873.5898,9990.7803,9809.3701,9873.5898,0
2025-11-20,9802.0801,9959.2100,9802.0801,9802.0801,0
2025-11-21,9826.5801,9827.8799,9716.0801,9826.5801,0
2025-11-24,9802.9805,9870.8604,9801.1602,9802.9805,0
2025-11-25,9950.8096,9950.8096,9802.9805,9950.8096,0
2025-11-26,9998.2998,10019.8896,9950.5498,9998.2998,0
2025-11-27,10078.1299,10079.7695,9996.5400,10078.1299,0
2025-11-28,10128.5801,10129.0498,10064.1602,10128.5801,0
2025-12-01,10144.0195,10144.0195,10033.2803,10144.0195,0
2025-12-02,10146.4902,10169.1396,10112.0596,10146.4902,0
2025-12-03,10176.0801,10200.8701,10143.3398,10176.0801,0
2025-12-04,10179.4199,10218.9199,10131.3604,10179.4199,0
2025-12-05,10222.6104,10277.2598,10128.7695,10222.6104,0
2025-12-09,10179.9697,10222.6104,10137.4600,10179.9697,0
2025-12-10,10170.3701,10232.2002,10148.0801,10170.3701,0
2025-12-11,10362.8604,10362.8604,10170.3701,10362.8604,0
2025-12-12,10400.0098,10422.8799,10330.2100,10400.0098,0
2025-12-15,10302.2305,10494.8799,10296.8398,10302.2305,0
2025-12-16,10188.4297,10305.7305,10177.9004,10188.4297,0
2025-12-17,10134.5195,10269.4902,10111.7500,10134.5195,0
2025-12-18,10194.2598,10203.9102,10134.5195,10194.2598,0
2025-12-19,10304.2598,10347.1396,10194.2598,10304.2598,0
2025-12-22,10389.3896,10391.1602,10304.2598,10389.3896,0
2025-12-23,10403.7305,10429.9600,10352.9805,10403.7305,0
2025-12-24,10386.9902,10415.5596,10350.4600,10386.9902,0
2025-12-26,10483.1504,10483.1504,10386.9902,10483.1504,0
2025-12-29,10521.6797,10521.7305,10429.1904,10521.6797,0
2025-12-30,10481.4004,10531.7695,10459.6602,10481.4004,0
